Workbook

Sheet Settings
A1: Balance sheet settings
A3: Second resource worth, in first-resource units (edit these)
A4: Faction | B4: Second resource | C4: Worth (x first resource)
A5: crown | B5: Powder (vs Gold) | C5: 3
A6: brood | B6: Essence (vs Biomass) | C6: 5
A7: clockwork | B7: Energy (vs Ore) | C7: 3
A9: Reference target armor (for "DPS vs armor" column) | C9: 2
A10: Reference attacker damage (for "Effective HP" column) | C10: 10
A12: How to read
A13: Blue numbers are inputs copied from scripts/defs.gd (game v0.7.18). Black numbers are formulas.
A14: Yellow cells are assumptions you can change; the Units sheet recalculates.
A15: Armor is flat: each hit loses the target's armor (minimum 1 damage). Acid strips 2 armor.
A16: Supply is per creature. Brood eggs hatch "Spawn" creatures, so an egg costs Supply x Spawn.
A17: Power = DPS x Effective HP: a rough "fight value" of one unit (Lanchester-style).
A18: Splash, cones, piercing, charges, spells and anti-air are not in DPS: see the Abilities column.

Sheet Units
A1: Faction | B1: Unit | C1: Worker | D1: Air | E1: Hits air | F1: Tags | G1: Cost | H1: Cost 2 | I1: Spawn | J1: Supply | K1: Train time (s) | L1: HP | M1: Armor | N1: Speed | O1: Range | P1: Damage | Q1: Cooldown (s) | R1: Splash | S1: Value per creature | T1: Supply per egg | U1: DPS | V1: DPS vs armor | W1: Effective HP | X1: Power (DPS x EHP) | Y1: Power per value | Z1: Power per supply | AA1: DPS per value x100 | AB1: EHP per value | AC1: Value per supply | AD1: Abilities / notes
A2: crown | B2: Labourer | C2: yes | F2: light | G2: 50 | H2: 0 | I2: 1 | J2: 1 | K2: 12 | L2: 45 | M2: 0 | N2: 74 | O2: 20 | P2: 5 | Q2: 1.3 | R2: 0 | S2: =(G2+H2*Settings!$C$5)/I2 -> 50 | T2: =J2*I2 -> 1 | U2: =IF(Q2>0,P2/Q2,0) -> 3.8461538 | V2: =IF(Q2>0,IF(P2>0,MAX(1,P2-Settings!$C$9),0)/Q2,0) -> 2.3076923 | W2: =L2*Settings!$C$10/MAX(1,Settings!$C$10-M2) -> 45 | X2: =U2*W2 -> 173.07692 | Y2: =IF(S2>0,X2/S2,0) -> 3.4615385 | Z2: =IF(J2>0,X2/J2,0) -> 173.07692 | AA2: =IF(S2>0,U2/S2*100,0) -> 7.6923077 | AB2: =IF(S2>0,W2/S2,0) -> 0.9 | AC2: =IF(J2>0,S2/J2,0) -> 50 | AD2: Mines gold and builds. Weak in a fight.
A3: crown | B3: Pikeman | F3: armored | G3: 50 | H3: 0 | I3: 1 | J3: 2 | K3: 13 | L3: 120 | M3: 2 | N3: 60 | O3: 30 | P3: 13 | Q3: 1.1 | R3: 0 | S3: =(G3+H3*Settings!$C$5)/I3 -> 50 | T3: =J3*I3 -> 2 | U3: =IF(Q3>0,P3/Q3,0) -> 11.818182 | V3: =IF(Q3>0,IF(P3>0,MAX(1,P3-Settings!$C$9),0)/Q3,0) -> 10 | W3: =L3*Settings!$C$10/MAX(1,Settings!$C$10-M3) -> 150 | X3: =U3*W3 -> 1772.7273 | Y3: =IF(S3>0,X3/S3,0) -> 35.454545 | Z3: =IF(J3>0,X3/J3,0) -> 886.36364 | AA3: =IF(S3>0,U3/S3*100,0) -> 23.636364 | AB3: =IF(S3>0,W3/S3,0) -> 3 | AC3: =IF(J3>0,S3/J3,0) -> 25 | AD3: Tough melee. Wrecks cannons, brutes and cavalry up close.
A4: crown | B4: Musketeer | E4: yes | F4: light | G4: 60 | H4: 10 | I4: 1 | J4: 2 | K4: 15 | L4: 70 | M4: 0 | N4: 62 | O4: 190 | P4: 20 | Q4: 2.8 | R4: 0 | S4: =(G4+H4*Settings!$C$5)/I4 -> 90 | T4: =J4*I4 -> 2 | U4: =IF(Q4>0,P4/Q4,0) -> 7.1428571 | V4: =IF(Q4>0,IF(P4>0,MAX(1,P4-Settings!$C$9),0)/Q4,0) -> 6.4285714 | W4: =L4*Settings!$C$10/MAX(1,Settings!$C$10-M4) -> 70 | X4: =U4*W4 -> 500 | Y4: =IF(S4>0,X4/S4,0) -> 5.5555556 | Z4: =IF(J4>0,X4/J4,0) -> 250 | AA4: =IF(S4>0,U4/S4*100,0) -> 7.9365079 | AB4: =IF(S4>0,W4/S4,0) -> 0.77777778 | AC4: =IF(J4>0,S4/J4,0) -> 45 | AD4: Ranged line infantry. Long reload. Needs a Powder Mill; each shot burns powder.
A5: crown | B5: Missionary | F5: light | G5: 125 | H5: 0 | I5: 1 | J5: 1 | K5: 20 | L5: 60 | M5: 0 | N5: 62 | O5: 0 | P5: 0 | Q5: 1 | R5: 0 | S5: =(G5+H5*Settings!$C$5)/I5 -> 125 | T5: =J5*I5 -> 1 | U5: =IF(Q5>0,P5/Q5,0) -> 0 | V5: =IF(Q5>0,IF(P5>0,MAX(1,P5-Settings!$C$9),0)/Q5,0) -> 0 | W5: =L5*Settings!$C$10/MAX(1,Settings!$C$10-M5) -> 60 | X5: =U5*W5 -> 0 | Y5: =IF(S5>0,X5/S5,0) -> 0 | Z5: =IF(J5>0,X5/J5,0) -> 0 | AA5: =IF(S5>0,U5/S5*100,0) -> 0 | AB5: =IF(S5>0,W5/S5,0) -> 0.48 | AC5: =IF(J5>0,S5/J5,0) -> 125 | AD5: Bandages wounded soldiers back to full health. Can't be hurt unless near enemy buildings. One per Church.
A6: crown | B6: Observation Balloon | D6: yes | E6: yes | F6: light | G6: 175 | H6: 30 | I6: 1 | J6: 4 | K6: 30 | L6: 180 | M6: 0 | N6: 46 | O6: 220 | P6: 16 | Q6: 3 | R6: 0 | S6: =(G6+H6*Settings!$C$5)/I6 -> 265 | T6: =J6*I6 -> 4 | U6: =IF(Q6>0,P6/Q6,0) -> 5.3333333 | V6: =IF(Q6>0,IF(P6>0,MAX(1,P6-Settings!$C$9),0)/Q6,0) -> 4.6666667 | W6: =L6*Settings!$C$10/MAX(1,Settings!$C$10-M6) -> 180 | X6: =U6*W6 -> 960 | Y6: =IF(S6>0,X6/S6,0) -> 3.6226415 | Z6: =IF(J6>0,X6/J6,0) -> 240 | AA6: =IF(S6>0,U6/S6*100,0) -> 2.0125786 | AB6: =IF(S6>0,W6/S6,0) -> 0.67924528 | AC6: =IF(J6>0,S6/J6,0) -> 66.25 | AD6: A snipers' nest in the sky: two musketeers who each shoot at the ground or at flyers, and a long view for your cannons. LOAD up to 4 Musketeers, Pikemen or Labourers (carried Musketeers fire from the basket) and UNLOAD them anywhere, even over cliffs. Slow and fragile. Each shot burns powder.
A7: crown | B7: Cuirassier | F7: armored | G7: 175 | H7: 0 | I7: 1 | J7: 3 | K7: 24 | L7: 170 | M7: 2 | N7: 108 | O7: 26 | P7: 15 | Q7: 1.3 | R7: 0 | S7: =(G7+H7*Settings!$C$5)/I7 -> 175 | T7: =J7*I7 -> 3 | U7: =IF(Q7>0,P7/Q7,0) -> 11.538462 | V7: =IF(Q7>0,IF(P7>0,MAX(1,P7-Settings!$C$9),0)/Q7,0) -> 10 | W7: =L7*Settings!$C$10/MAX(1,Settings!$C$10-M7) -> 212.5 | X7: =U7*W7 -> 2451.9231 | Y7: =IF(S7>0,X7/S7,0) -> 14.010989 | Z7: =IF(J7>0,X7/J7,0) -> 817.30769 | AA7: =IF(S7>0,U7/S7*100,0) -> 6.5934066 | AB7: =IF(S7>0,W7/S7,0) -> 1.2142857 | AC7: =IF(J7>0,S7/J7,0) -> 58.333333 | AD7: Fast armoured horseman with a sabre. After a gallop his first blow hits double and throws the enemy back. Pikes beat him.
A8: crown | B8: Field Cannon | F8: armored | G8: 200 | H8: 0 | I8: 1 | J8: 4 | K8: 32 | L8: 140 | M8: 1 | N8: 38 | O8: 430 | P8: 32 | Q8: 4.5 | R8: 46 | S8: =(G8+H8*Settings!$C$5)/I8 -> 200 | T8: =J8*I8 -> 4 | U8: =IF(Q8>0,P8/Q8,0) -> 7.1111111 | V8: =IF(Q8>0,IF(P8>0,MAX(1,P8-Settings!$C$9),0)/Q8,0) -> 6.6666667 | W8: =L8*Settings!$C$10/MAX(1,Settings!$C$10-M8) -> 155.55556 | X8: =U8*W8 -> 1106.1728 | Y8: =IF(S8>0,X8/S8,0) -> 5.5308642 | Z8: =IF(J8>0,X8/J8,0) -> 276.54321 | AA8: =IF(S8>0,U8/S8*100,0) -> 3.5555556 | AB8: =IF(S8>0,W8/S8,0) -> 0.77777778 | AC8: =IF(J8>0,S8/J8,0) -> 50 | AD8: Artillery. Limbered, the horse tows it; unlimber (2.5 s) to fire. Round shot reaches further than it can see: other units must spot for it. Canister also hits flyers.
A9: brood | B9: Grub | C9: yes | F9: light | G9: 50 | H9: 0 | I9: 1 | J9: 1 | K9: 12 | L9: 40 | M9: 0 | N9: 68 | O9: 18 | P9: 4 | Q9: 1.2 | R9: 0 | S9: =(G9+H9*Settings!$C$6)/I9 -> 50 | T9: =J9*I9 -> 1 | U9: =IF(Q9>0,P9/Q9,0) -> 3.3333333 | V9: =IF(Q9>0,IF(P9>0,MAX(1,P9-Settings!$C$9),0)/Q9,0) -> 1.6666667 | W9: =L9*Settings!$C$10/MAX(1,Settings!$C$10-M9) -> 40 | X9: =U9*W9 -> 133.33333 | Y9: =IF(S9>0,X9/S9,0) -> 2.6666667 | Z9: =IF(J9>0,X9/J9,0) -> 133.33333 | AA9: =IF(S9>0,U9/S9*100,0) -> 6.6666667 | AB9: =IF(S9>0,W9/S9,0) -> 0.8 | AC9: =IF(J9>0,S9/J9,0) -> 50 | AD9: Hauls food from Feeding Pits to a Hive (longer hauls pay more). Turns into buildings.
A10: brood | B10: Bloater | D10: yes | F10: light | G10: 50 | H10: 25 | I10: 1 | J10: 1 | K10: 14 | L10: 60 | M10: 0 | N10: 44 | O10: 160 | P10: 7 | Q10: 2.2 | R10: 0 | S10: =(G10+H10*Settings!$C$6)/I10 -> 175 | T10: =J10*I10 -> 1 | U10: =IF(Q10>0,P10/Q10,0) -> 3.1818182 | V10: =IF(Q10>0,IF(P10>0,MAX(1,P10-Settings!$C$9),0)/Q10,0) -> 2.2727273 | W10: =L10*Settings!$C$10/MAX(1,Settings!$C$10-M10) -> 60 | X10: =U10*W10 -> 190.90909 | Y10: =IF(S10>0,X10/S10,0) -> 1.0909091 | Z10: =IF(J10>0,X10/J10,0) -> 190.90909 | AA10: =IF(S10>0,U10/S10*100,0) -> 1.8181818 | AB10: =IF(S10>0,W10/S10,0) -> 0.34285714 | AC10: =IF(J10>0,S10/J10,0) -> 175 | AD10: A floating gas sac full of acid. It spits acid from afar, but every glob uses up gas; out of gas it deflates (slower, harmless) and slowly fills up again, faster on swamp. On HOLD GAS it keeps it all and drifts in to burst as a huge acid bomb. Used up when it bursts.
A11: brood | B11: Raptors | F11: light | G11: 75 | H11: 0 | I11: 3 | J11: 1 | K11: 11 | L11: 36 | M11: 0 | N11: 108 | O11: 22 | P11: 6 | Q11: 0.9 | R11: 0 | S11: =(G11+H11*Settings!$C$6)/I11 -> 25 | T11: =J11*I11 -> 3 | U11: =IF(Q11>0,P11/Q11,0) -> 6.6666667 | V11: =IF(Q11>0,IF(P11>0,MAX(1,P11-Settings!$C$9),0)/Q11,0) -> 4.4444444 | W11: =L11*Settings!$C$10/MAX(1,Settings!$C$10-M11) -> 36 | X11: =U11*W11 -> 240 | Y11: =IF(S11>0,X11/S11,0) -> 9.6 | Z11: =IF(J11>0,X11/J11,0) -> 240 | AA11: =IF(S11>0,U11/S11*100,0) -> 26.666667 | AB11: =IF(S11>0,W11/S11,0) -> 1.44 | AC11: =IF(J11>0,S11/J11,0) -> 25 | AD11: Fast, flimsy claws. Three hatch from each egg.
A12: brood | B12: Spitters | E12: yes | F12: light | G12: 90 | H12: 5 | I12: 2 | J12: 1 | K12: 13 | L12: 45 | M12: 0 | N12: 68 | O12: 150 | P12: 8 | Q12: 2 | R12: 0 | S12: =(G12+H12*Settings!$C$6)/I12 -> 57.5 | T12: =J12*I12 -> 2 | U12: =IF(Q12>0,P12/Q12,0) -> 4 | V12: =IF(Q12>0,IF(P12>0,MAX(1,P12-Settings!$C$9),0)/Q12,0) -> 3 | W12: =L12*Settings!$C$10/MAX(1,Settings!$C$10-M12) -> 45 | X12: =U12*W12 -> 180 | Y12: =IF(S12>0,X12/S12,0) -> 3.1304348 | Z12: =IF(J12>0,X12/J12,0) -> 180 | AA12: =IF(S12>0,U12/S12*100,0) -> 6.9565217 | AB12: =IF(S12>0,W12/S12,0) -> 0.7826087 | AC12: =IF(J12>0,S12/J12,0) -> 57.5 | AD12: Spit acid that burns and strips armour. Two hatch from each egg.
A13: brood | B13: Skywing | D13: yes | E13: yes | F13: light | G13: 100 | H13: 40 | I13: 1 | J13: 2 | K13: 16 | L13: 75 | M13: 0 | N13: 118 | O13: 130 | P13: 11 | Q13: 1.1 | R13: 0 | S13: =(G13+H13*Settings!$C$6)/I13 -> 300 | T13: =J13*I13 -> 2 | U13: =IF(Q13>0,P13/Q13,0) -> 10 | V13: =IF(Q13>0,IF(P13>0,MAX(1,P13-Settings!$C$9),0)/Q13,0) -> 8.1818182 | W13: =L13*Settings!$C$10/MAX(1,Settings!$C$10-M13) -> 75 | X13: =U13*W13 -> 750 | Y13: =IF(S13>0,X13/S13,0) -> 2.5 | Z13: =IF(J13>0,X13/J13,0) -> 375 | AA13: =IF(S13>0,U13/S13*100,0) -> 3.3333333 | AB13: =IF(S13>0,W13/S13,0) -> 0.25 | AC13: =IF(J13>0,S13/J13,0) -> 150 | AD13: Flying, it hunts other flyers with volleys of spines (it can't touch the ground). LAND it (1.2 s) to fight on the ground with its bite: then it walks, can't cross cliffs, and anything can hit it. Costs essence.
A14: brood | B14: Brute | F14: armored | G14: 150 | H14: 20 | I14: 1 | J14: 3 | K14: 22 | L14: 240 | M14: 2 | N14: 56 | O14: 28 | P14: 26 | Q14: 1.8 | R14: 0 | S14: =(G14+H14*Settings!$C$6)/I14 -> 250 | T14: =J14*I14 -> 3 | U14: =IF(Q14>0,P14/Q14,0) -> 14.444444 | V14: =IF(Q14>0,IF(P14>0,MAX(1,P14-Settings!$C$9),0)/Q14,0) -> 13.333333 | W14: =L14*Settings!$C$10/MAX(1,Settings!$C$10-M14) -> 300 | X14: =U14*W14 -> 4333.3333 | Y14: =IF(S14>0,X14/S14,0) -> 17.333333 | Z14: =IF(J14>0,X14/J14,0) -> 1444.4444 | AA14: =IF(S14>0,U14/S14*100,0) -> 5.7777778 | AB14: =IF(S14>0,W14/S14,0) -> 1.2 | AC14: =IF(J14>0,S14/J14,0) -> 83.333333 | AD14: Huge horned tank. Charges in and knocks enemies back.
A15: brood | B15: Spore Mother | F15: armored | G15: 175 | H15: 40 | I15: 1 | J15: 4 | K15: 26 | L15: 260 | M15: 1 | N15: 40 | O15: 300 | P15: 26 | Q15: 4 | R15: 50 | S15: =(G15+H15*Settings!$C$6)/I15 -> 375 | T15: =J15*I15 -> 4 | U15: =IF(Q15>0,P15/Q15,0) -> 6.5 | V15: =IF(Q15>0,IF(P15>0,MAX(1,P15-Settings!$C$9),0)/Q15,0) -> 6 | W15: =L15*Settings!$C$10/MAX(1,Settings!$C$10-M15) -> 288.88889 | X15: =U15*W15 -> 1877.7778 | Y15: =IF(S15>0,X15/S15,0) -> 5.0074074 | Z15: =IF(J15>0,X15/J15,0) -> 469.44444 | AA15: =IF(S15>0,U15/S15*100,0) -> 1.7333333 | AB15: =IF(S15>0,W15/S15,0) -> 0.77037037 | AC15: =IF(J15>0,S15/J15,0) -> 93.75 | AD15: Walking, she can't attack. ROOT her (2.5 s): she lobs big spit blobs that splash a whole area, and spreads swamp. Casts MIASMA, a cloud that heals the Brood.
A16: clockwork | B16: Winder | C16: yes | F16: light | G16: 60 | H16: 0 | I16: 1 | J16: 1 | K16: 14 | L16: 70 | M16: 1 | N16: 64 | O16: 20 | P16: 5 | Q16: 1.2 | R16: 0 | S16: =(G16+H16*Settings!$C$7)/I16 -> 60 | T16: =J16*I16 -> 1 | U16: =IF(Q16>0,P16/Q16,0) -> 4.1666667 | V16: =IF(Q16>0,IF(P16>0,MAX(1,P16-Settings!$C$9),0)/Q16,0) -> 2.5 | W16: =L16*Settings!$C$10/MAX(1,Settings!$C$10-M16) -> 77.777778 | X16: =U16*W16 -> 324.07407 | Y16: =IF(S16>0,X16/S16,0) -> 5.4012346 | Z16: =IF(J16>0,X16/J16,0) -> 324.07407 | AA16: =IF(S16>0,U16/S16*100,0) -> 6.9444444 | AB16: =IF(S16>0,W16/S16,0) -> 1.2962963 | AC16: =IF(J16>0,S16/J16,0) -> 60 | AD16: Cranks Boilers for energy, starts buildings and repairs constructs and buildings.
A17: clockwork | B17: Ornithopter | D17: yes | E17: yes | F17: light | G17: 150 | H17: 0 | I17: 1 | J17: 2 | K17: 22 | L17: 110 | M17: 1 | N17: 112 | O17: 140 | P17: 12 | Q17: 1.4 | R17: 0 | S17: =(G17+H17*Settings!$C$7)/I17 -> 150 | T17: =J17*I17 -> 2 | U17: =IF(Q17>0,P17/Q17,0) -> 8.5714286 | V17: =IF(Q17>0,IF(P17>0,MAX(1,P17-Settings!$C$9),0)/Q17,0) -> 7.1428571 | W17: =L17*Settings!$C$10/MAX(1,Settings!$C$10-M17) -> 122.22222 | X17: =U17*W17 -> 1047.619 | Y17: =IF(S17>0,X17/S17,0) -> 6.984127 | Z17: =IF(J17>0,X17/J17,0) -> 523.80952 | AA17: =IF(S17>0,U17/S17*100,0) -> 5.7142857 | AB17: =IF(S17>0,W17/S17,0) -> 0.81481481 | AC17: =IF(J17>0,S17/J17,0) -> 75 | AD17: Fast clockwork flyer with a lightning gun, deadliest against other flyers. On COURIER it fetches charged batteries and winds up stranded constructs; OVERLOAD dumps its battery into one construct (faster, harder hitting for 12 s). Like every construct it winds down away from a field.
A18: clockwork | B18: Stormcaller | E18: yes | F18: light | G18: 150 | H18: 0 | I18: 1 | J18: 2 | K18: 24 | L18: 90 | M18: 0 | N18: 56 | O18: 120 | P18: 7 | Q18: 1.3 | R18: 0 | S18: =(G18+H18*Settings!$C$7)/I18 -> 150 | T18: =J18*I18 -> 2 | U18: =IF(Q18>0,P18/Q18,0) -> 5.3846154 | V18: =IF(Q18>0,IF(P18>0,MAX(1,P18-Settings!$C$9),0)/Q18,0) -> 3.8461538 | W18: =L18*Settings!$C$10/MAX(1,Settings!$C$10-M18) -> 90 | X18: =U18*W18 -> 484.61538 | Y18: =IF(S18>0,X18/S18,0) -> 3.2307692 | Z18: =IF(J18>0,X18/J18,0) -> 242.30769 | AA18: =IF(S18>0,U18/S18*100,0) -> 3.5897436 | AB18: =IF(S18>0,W18/S18,0) -> 0.6 | AC18: =IF(J18>0,S18/J18,0) -> 75 | AD18: Fragile lightning caster. STORM stuns everything inside it, friends too. Its charge only fills inside a Clockwork field.
A19: clockwork | B19: Bolt Automaton | E19: yes | F19: armored | G19: 160 | H19: 0 | I19: 1 | J19: 3 | K19: 22 | L19: 150 | M19: 1 | N19: 52 | O19: 230 | P19: 30 | Q19: 3 | R19: 0 | S19: =(G19+H19*Settings!$C$7)/I19 -> 160 | T19: =J19*I19 -> 3 | U19: =IF(Q19>0,P19/Q19,0) -> 10 | V19: =IF(Q19>0,IF(P19>0,MAX(1,P19-Settings!$C$9),0)/Q19,0) -> 9.3333333 | W19: =L19*Settings!$C$10/MAX(1,Settings!$C$10-M19) -> 166.66667 | X19: =U19*W19 -> 1666.6667 | Y19: =IF(S19>0,X19/S19,0) -> 10.416667 | Z19: =IF(J19>0,X19/J19,0) -> 555.55556 | AA19: =IF(S19>0,U19/S19*100,0) -> 6.25 | AB19: =IF(S19>0,W19/S19,0) -> 1.0416667 | AC19: =IF(J19>0,S19/J19,0) -> 53.333333 | AD19: Crossbow bolts pierce up to three enemies in a line.
A20: clockwork | B20: Gearknight | F20: armored | G20: 170 | H20: 0 | I20: 1 | J20: 3 | K20: 24 | L20: 300 | M20: 3 | N20: 52 | O20: 26 | P20: 20 | Q20: 1.4 | R20: 0 | S20: =(G20+H20*Settings!$C$7)/I20 -> 170 | T20: =J20*I20 -> 3 | U20: =IF(Q20>0,P20/Q20,0) -> 14.285714 | V20: =IF(Q20>0,IF(P20>0,MAX(1,P20-Settings!$C$9),0)/Q20,0) -> 12.857143 | W20: =L20*Settings!$C$10/MAX(1,Settings!$C$10-M20) -> 428.57143 | X20: =U20*W20 -> 6122.449 | Y20: =IF(S20>0,X20/S20,0) -> 36.014406 | Z20: =IF(J20>0,X20/J20,0) -> 2040.8163 | AA20: =IF(S20>0,U20/S20*100,0) -> 8.4033613 | AB20: =IF(S20>0,W20/S20,0) -> 2.5210084 | AC20: =IF(J20>0,S20/J20,0) -> 56.666667 | AD20: Iron knight. Very hard to kill; slowly repairs itself.
A21: clockwork | B21: Tesla Cart | E21: yes | F21: armored | G21: 190 | H21: 0 | I21: 1 | J21: 3 | K21: 28 | L21: 240 | M21: 2 | N21: 50 | O21: 170 | P21: 14 | Q21: 1.6 | R21: 0 | S21: =(G21+H21*Settings!$C$7)/I21 -> 190 | T21: =J21*I21 -> 3 | U21: =IF(Q21>0,P21/Q21,0) -> 8.75 | V21: =IF(Q21>0,IF(P21>0,MAX(1,P21-Settings!$C$9),0)/Q21,0) -> 7.5 | W21: =L21*Settings!$C$10/MAX(1,Settings!$C$10-M21) -> 300 | X21: =U21*W21 -> 2625 | Y21: =IF(S21>0,X21/S21,0) -> 13.815789 | Z21: =IF(J21>0,X21/J21,0) -> 875 | AA21: =IF(S21>0,U21/S21*100,0) -> 4.6052632 | AB21: =IF(S21>0,W21/S21,0) -> 1.5789474 | AC21: =IF(J21>0,S21/J21,0) -> 63.333333 | AD21: Rolls packed; deploy it (3 s) to power nearby constructs and zap enemies in chains.
A22: clockwork | B22: Steam Walker | F22: armored | G22: 260 | H22: 0 | I22: 1 | J22: 5 | K22: 34 | L22: 380 | M22: 2 | N22: 44 | O22: 72 | P22: 15 | Q22: 1.6 | R22: 0 | S22: =(G22+H22*Settings!$C$7)/I22 -> 260 | T22: =J22*I22 -> 5 | U22: =IF(Q22>0,P22/Q22,0) -> 9.375 | V22: =IF(Q22>0,IF(P22>0,MAX(1,P22-Settings!$C$9),0)/Q22,0) -> 8.125 | W22: =L22*Settings!$C$10/MAX(1,Settings!$C$10-M22) -> 475 | X22: =U22*W22 -> 4453.125 | Y22: =IF(S22>0,X22/S22,0) -> 17.127404 | Z22: =IF(J22>0,X22/J22,0) -> 890.625 | AA22: =IF(S22>0,U22/S22*100,0) -> 3.6057692 | AB22: =IF(S22>0,W22/S22,0) -> 1.8269231 | AC22: =IF(J22>0,S22/J22,0) -> 52 | AD22: Scalding steam hits everything in front of it. Melts swarms and buildings.
A25: Army averages per faction (workers excluded)
A26: Faction | B26: Units | C26: Avg value/creature | D26: Avg DPS | E26: Avg EHP | F26: Avg power per value | G26: Avg value per supply | H26: Max supply
A27: crown | B27: =COUNTIFS(A2:A22,"crown",C2:C22,"<>yes") -> 6 | C27: =AVERAGEIFS(S2:S22,A2:A22,"crown",C2:C22,"<>yes") -> 150.83333 | D27: =AVERAGEIFS(U2:U22,A2:A22,"crown",C2:C22,"<>yes") -> 7.1573242 | E27: =AVERAGEIFS(W2:W22,A2:A22,"crown",C2:C22,"<>yes") -> 138.00926 | F27: =AVERAGEIFS(Y2:Y22,A2:A22,"crown",C2:C22,"<>yes") -> 10.695766 | G27: =AVERAGEIFS(AC2:AC22,A2:A22,"crown",C2:C22,"<>yes") -> 61.597222 | H27: 100
A28: brood | B28: =COUNTIFS(A2:A22,"brood",C2:C22,"<>yes") -> 6 | C28: =AVERAGEIFS(S2:S22,A2:A22,"brood",C2:C22,"<>yes") -> 197.08333 | D28: =AVERAGEIFS(U2:U22,A2:A22,"brood",C2:C22,"<>yes") -> 7.4654882 | E28: =AVERAGEIFS(W2:W22,A2:A22,"brood",C2:C22,"<>yes") -> 134.14815 | F28: =AVERAGEIFS(Y2:Y22,A2:A22,"brood",C2:C22,"<>yes") -> 6.4436808 | G28: =AVERAGEIFS(AC2:AC22,A2:A22,"brood",C2:C22,"<>yes") -> 97.430556 | H28: 160
A29: clockwork | B29: =COUNTIFS(A2:A22,"clockwork",C2:C22,"<>yes") -> 6 | C29: =AVERAGEIFS(S2:S22,A2:A22,"clockwork",C2:C22,"<>yes") -> 180 | D29: =AVERAGEIFS(U2:U22,A2:A22,"clockwork",C2:C22,"<>yes") -> 9.3944597 | E29: =AVERAGEIFS(W2:W22,A2:A22,"clockwork",C2:C22,"<>yes") -> 263.74339 | F29: =AVERAGEIFS(Y2:Y22,A2:A22,"clockwork",C2:C22,"<>yes") -> 14.598194 | G29: =AVERAGEIFS(AC2:AC22,A2:A22,"clockwork",C2:C22,"<>yes") -> 62.555556 | H29: 80
A31: Max army value at cap = Avg value per supply x (Max supply - workers). Clockwork: few, tough; Brood: many, cheap.

Sheet Buildings
A1: Faction | B1: Building | C1: Cost | D1: Build time (s) | E1: HP | F1: Armor | G1: Size | H1: Supply | I1: Crew | J1: Per hall | K1: Trains | L1: Notes
A2: crown | B2: Stone Wall | C2: 10 | D2: 4 | E2: 450 | F2: 4 | G2: 1x1 | H2: 0 | L2: Blocks the way. Lay it in a line: pick where it starts, then where it ends. Wall off your ramp and keep a gate.
A3: crown | B3: Gate | C3: 25 | D3: 6 | E3: 600 | F3: 4 | G3: 1x1 | H3: 0 | L3: A piece of wall that opens for your own side and your allies, and stays shut to the enemy. Lay it straight onto your own wall to swap a piece for a gate. It faces the way the wall runs; ROTATE turns it by hand.
A4: crown | B4: Cottage | C4: 100 | D4: 20 | E4: 400 | F4: 1 | G4: 2x2 | H4: 8 | L4: Houses 8 more supply.
A5: crown | B5: Farm | C5: 100 | D5: 25 | E5: 500 | F5: 1 | G5: 3x3 | H5: 0 | I5: 3 | J5: 4 | L5: Ripens into a 350-gold harvest. Up to 3 labourers make it grow faster.
A6: crown | B6: Powder Mill | C6: 125 | D6: 30 | E6: 600 | F6: 1 | G6: 3x3 | H6: 0 | I6: 2 | J6: 1 | L6: Labourers grind black powder. Muskets and cannons can't fire without it.
A7: crown | B7: Barracks | C7: 150 | D7: 40 | E7: 1000 | F7: 2 | G7: 4x3 | H7: 0 | K7: Musketeer, Pikeman, Cuirassier | L7: Trains musketeers, pikemen and (with a Foundry) cuirassiers.
A8: crown | B8: Church | C8: 150 | D8: 35 | E8: 900 | F8: 2 | G8: 3x3 | H8: 0 | K8: Missionary | L8: Sends out one Missionary. Needs a Barracks.
A9: crown | B9: Foundry | C9: 200 | D9: 45 | E9: 900 | F9: 2 | G9: 4x3 | H9: 0 | K9: Field Cannon, Observation Balloon | L9: Casts field cannons and rigs observation balloons. Lets the Barracks train cuirassiers. Needs a Barracks.
A10: crown | B10: Town Hall | C10: 400 | D10: 60 | E10: 1600 | F10: 2 | G10: 5x4 | H10: 10 | K10: Labourer | L10: Trains labourers. Each Town Hall allows 4 Farms and a Powder Mill nearby.
A11: brood | B11: Clutch Mound | C11: 75 | D11: 18 | E11: 350 | F11: 0 | G11: 2x2 | H11: 12 | L11: 12 more supply. Spreads swamp. Each one makes your Hives lay eggs 10% faster (up to 3).
A12: brood | B12: Feeding Pit | C12: 75 | D12: 18 | E12: 450 | F12: 0 | G12: 3x3 | H12: 0 | I12: 5 | J12: 3 | L12: Up to 5 grubs haul food from here to the nearest Hive. Far from a Hive = richer food.
A13: brood | B13: Spore Vent | C13: 90 | D13: 16 | E13: 300 | F13: 0 | G13: 2x2 | H13: 0 | L13: Spreads swamp far around it.
A14: brood | B14: Bone Midden | C14: 100 | D14: 22 | E14: 500 | F14: 0 | G14: 3x3 | H14: 0 | J14: 1 | L14: Gathers essence from every body that falls nearby (and a little on its own).
A15: brood | B15: Warren | C15: 150 | D15: 35 | E15: 800 | F15: 1 | G15: 4x3 | H15: 0 | L15: Lets the Hive hatch Raptors and Spitters.
A16: brood | B16: Roost | C16: 175 | D16: 35 | E16: 700 | F16: 1 | G16: 3x3 | H16: 0 | L16: Lets the Hive hatch Skywings. Needs a Warren.
A17: brood | B17: Gorge Pit | C17: 200 | D17: 45 | E17: 800 | F17: 1 | G17: 4x3 | H17: 0 | L17: Lets the Hive hatch Brutes and Spore Mothers. Needs a Warren.
A18: brood | B18: Hive | C18: 350 | D18: 55 | E18: 1500 | F18: 1 | G18: 5x4 | H18: 16 | K18: Grub, Raptors, Spitters, Brute, Skywing, Spore Mother, Bloater | L18: Lays eggs; every Brood unit hatches here. Grubs bring food here. Allows 3 Feeding Pits.
A19: clockwork | B19: Spring Tower | C19: 100 | D19: 20 | E19: 500 | F19: 2 | G19: 2x2 | H19: 10 | I19: 1 | L19: 10 more supply. Keeps nearby constructs wound up, and slowly fills batteries.
A20: clockwork | B20: Ore Crusher | C20: 125 | D20: 30 | E20: 800 | F20: 2 | G20: 3x3 | H20: 0 | J20: 2 | L20: Winders bring batteries here and the charge becomes ore. The farther a battery travelled, the more it holds.
A21: clockwork | B21: Boiler | C21: 150 | D21: 30 | E21: 800 | F21: 2 | G21: 3x3 | H21: 0 | I21: 7 | J21: 2 | L21: Fills a battery every second by itself. Up to 7 Winders carry them to Ore Crushers. Unlocks Bolt Automatons.
A22: clockwork | B22: Charging Pylon | C22: 150 | D22: 30 | E22: 600 | F22: 2 | G22: 2x2 | H22: 0 | I22: 3 | L22: Winds up and slowly mends constructs nearby. Unlocks the Tesla Cart and the Stormcaller.
A23: clockwork | B23: Drill Rig | C23: 175 | D23: 30 | E23: 700 | F23: 2 | G23: 2x2 | H23: 0 | L23: Build it next to a gold mine: it drills gold by itself. One per mine.
A24: clockwork | B24: Assembly Works | C24: 200 | D24: 45 | E24: 1300 | F24: 3 | G24: 4x3 | H24: 0 | K24: Gearknight, Bolt Automaton, Steam Walker, Tesla Cart, Stormcaller, Ornithopter | L24: Assembles every combat construct. Faster with more energy on assembly.
A25: clockwork | B25: Capacitor Works | C25: 250 | D25: 50 | E25: 900 | F25: 2 | G25: 2x2 | H25: 0 | L25: Blue energy: every source fills blue batteries, with more charge and more time before they overload. Needs an Assembly Works.
A26: clockwork | B26: Clocktower | C26: 400 | D26: 60 | E26: 2000 | F26: 3 | G26: 5x4 | H26: 10 | I26: 4 | K26: Winder | L26: Builds Winders and fills a battery every 2 s. Allows 2 Boilers and 2 Ore Crushers nearby.
